passmisses;goals;outsides;goalkicks;passmisses_offside;fast_attacks;all_attacks;leftwing_1stquarter_possession;leftwing_2ndquarter_possession;middlewing_1stquarter_possession;middlewing_2ndquarter_possession;middlewing_4thquarter_possession;rightwing_3rdquarter_possession;passchains;k
0,139417135;0,210638818;0,182055335;0,076821453;-0,107674488;0,236952075;-0,081475972;-0,375837278;-0,723729582;-0,882735594;0,609033046;-0,38967227;0,114753283;0,916762267;1
0,139417135;0,210638818;-0,151481157;0,076821453;-0,107674488;-0,160208976;-0,395915902;-0,034812905;-0,037106914;-0,254597792;-0,265950147;-0,494472768;0,368303059;-0,122409367;1
-0,035309301;0,210638818;0,84912832;1,680051776;-0,810854821;-0,160208976;-0,081475972;-0,034812905;-0,805470376;-0,118046096;0,990843894;-0,000413276;0,3598514;0,916762267;1
-0,908941481;-0,719790317;-1,485627127;-0,724793708;-0,107674488;-0,358789502;-0,710355833;-0,863014953;-0,723729582;-0,964666612;-1,204568482;-0,838817263;0,106301624;-0,295604639;1
0,314143572;-0,099504227;-0,818554142;-0,724793708;-0,810854821;0,038371549;0,86184382;-0,32711951;-0,200588502;-0,937356272;1,404472313;0,388845718;2,016376601;1,436348084;4
1,71195506;-0,409647272;-0,485017649;-0,724793708;-0,107674488;0,038371549;0,232963959;-1,009168256;-0,674685106;-0,937356272;1,945371014;-0,075270775;1,035984135;1,08995754;4
0,83832288;-0,099504227;-1,152090634;0,076821453;0,595505844;0,236952075;1,647943647;0,939542447;1,646753437;0,100436617;1,03857025;-0,090242274;2,185409785;2,129129174;4
0,488870008;-0,409647272;0,515591828;0,076821453;-0,107674488;-0,160208976;0,390183924;0,501082539;0,191767308;-0,036115079;1,229475674;-0,329786271;2,202313103;1,609543357;4
0,488870008;0,210638818;-1,152090634;-0,724793708;1,298686176;0,038371549;-0,081475972;-0,32711951;0,273508102;-0,773494237;1,436289884;-0,224985772;4,019419829;1,609543357;4
0,139417135;0,520781863;-0,818554142;-0,724793708;-0,810854821;0,236952075;1,019063786;-0,180966207;0,044633879;-0,773494237;0,784029685;-0,210014272;1,441663776;1,08995754;4
1,187775752;-0,409647272;0,515591828;0,076821453;2,70504684;1,031274177;0,54740389;-1,009168256;-0,151544026;-0,800804576;-0,822757634;-0,045327775;2,269926377;0,743566995;4
1,187775752;-0,409647272;1,516201305;-0,724793708;1,298686176;-0,160208976;0,390183924;-0,716861651;-0,396766407;-0,855425255;-0,250041362;0,194216221;1,948763327;1,609543357;4
2,935040113;-0,719790317;-1,152090634;-0,724793708;-0,107674488;-0,160208976;-0,081475972;0,988260214;1,499620008;-0,66425288;0,895391182;-0,135156774;1,644503597;1,436348084;4
-0,384762173;-0,099504227;-0,485017649;-0,724793708;2,001866508;-0,557370027;0,390183924;-0,716861651;0,404293372;-0,527701184;-0,711396137;-0,105213774;2,075538215;1,08995754;4
0,139417135;-0,099504227;0,84912832;0,076821453;-0,107674488;0,634113126;0,704623855;-0,034812905;-0,331373772;0,291608992;0,56130669;-0,195042773;-0,341636313;1,08995754;4
-0,559488609;0,520781863;0,182055335;-0,724793708;1,298686176;0,236952075;-0,553135868;-0,668143883;-0,462159042;-0,527701184;-0,918210346;1,047591708;1,762826825;1,263152812;4
-1,083667917;-0,099504227;-0,485017649;-0,724793708;-0,810854821;0,435532601;0,232963959;0,111340398;0,927434452;0,428160688;1,404472313;0,658332714;0,554239561;1,782738629;4
1,362502188;-0,409647272;-0,818554142;0,076821453;1,298686176;-0,755950553;0,704623855;-0,278401743;1,156308674;-0,773494237;1,086296606;0,418788718;2,912252475;2,129129174;4
0,83832288;0,520781863;0,182055335;-0,724793708;0,595505844;0,236952075;0,54740389;-0,424555045;0,404293372;-0,172666775;0,529489119;0,194216221;0,089398305;0,916762267;4
1,187775752;-0,719790317;-0,485017649;-0,724793708;0,595505844;0,236952075;0,075743994;0,111340398;0,649515753;0,810505436;0,577215475;0,763133212;-0,096538197;2,129129174;4
1,362502188;-0,719790317;-0,151481157;0,076821453;0,595505844;0,435532601;0,390183924;-1,106603791;-0,462159042;-0,445770167;0,784029685;-0,689102265;0,511981265;0,570371723;4
1,013049316;-0,409647272;0,182055335;0,076821453;1,298686176;0,236952075;0,704623855;-0,473272813;0,731256547;-0,828114916;-0,250041362;-0,37470077;2,405152924;0,916762267;4
1,013049316;-0,099504227;0,84912832;0,076821453;2,001866508;-0,954531078;-0,867575798;-0,668143883;-0,723729582;-0,555011524;-0,011409582;-0,644187766;0,993725839;1,263152812;4
-0,035309301;-0,409647272;-0,151481157;0,076821453;0,595505844;0,038371549;0,704623855;-0,32711951;0,616819435;-0,882735594;2,088550082;-0,494472768;3,926451578;1,782738629;4
-0,384762173;0,830924908;-0,818554142;-0,724793708;-0,107674488;0,236952075;0,54740389;-0,716861651;-0,429462724;-0,773494237;0,593124261;1,002677209;1,475470413;1,08995754;4
0,83832288;-0,099504227;-0,818554142;-0,724793708;0,595505844;0,236952075;-0,553135868;-0,375837278;-0,004410597;-0,882735594;0,227222198;0,688275713;1,703665211;0,570371723;4
0,83832288;-0,719790317;-0,485017649;-0,724793708;2,70504684;-0,755950553;-0,238695937;-0,814297186;-0,315025613;0,100436617;0,354492481;-0,644187766;1,120500727;0,916762267;4
0,314143572;-0,409647272;-0,151481157;-0,724793708;1,298686176;0,038371549;-0,081475972;0,06262263;-0,429462724;-0,527701184;-0,711396137;0,493646216;0,87540261;0,743566995;4
0,139417135;-0,409647272;0,84912832;-0,724793708;4,111407505;0,038371549;-0,081475972;-1,057886024;-0,413114566;-0,555011524;0,7681209;-0,045327775;0,385206377;0,570371723;4
0,83832288;-0,099504227;-1,152090634;-0,724793708;-0,107674488;-0,358789502;0,54740389;0,501082539;-0,086151391;-0,090735757;1,213566889;-0,239957272;1,898053372;1,609543357;4
0,139417135;-0,719790317;-0,818554142;0,076821453;0,595505844;0,634113126;0,704623855;-0,570708348;-0,952603804;-0,118046096;0,593124261;0,104387223;2,075538215;0,916762267;4
1,013049316;-0,099504227;0,182055335;-0,724793708;0,595505844;-0,160208976;0,075743994;-0,619426116;1,172656833;-0,66425288;1,213566889;-0,494472768;0,87540261;1,782738629;4
1,71195506;-0,409647272;0,84912832;-0,724793708;-0,107674488;-0,160208976;0,390183924;1,572873425;1,483271849;-0,746183898;1,340837172;-0,284871771;1,103597408;1,609543357;4
0,139417135;-0,099504227;-1,485627127;-0,724793708;-0,107674488;0,435532601;0,54740389;-0,083530672;-0,494855359;-0,473080506;-0,218223791;-0,120185274;2,996769067;1,263152812;4
0,83832288;-0,719790317;-1,485627127;0,076821453;1,298686176;0,038371549;0,54740389;-0,229683975;-0,135195867;-0,090735757;0,163587057;-0,105213774;0,66411113;1,263152812;4
0,314143572;-0,099504227;-1,152090634;0,076821453;-0,107674488;0,038371549;1,019063786;-0,229683975;1,417879214;-0,445770167;-0,488673142;1,766223697;0,655659471;0,743566995;4
-1,083667917;0,210638818;-0,151481157;-0,724793708;-0,107674488;0,435532601;0,86184382;-0,375837278;0,044633879;-0,527701184;-0,011409582;0,29901672;2,12624817;1,609543357;4
1,013049316;-0,409647272;-0,485017649;-0,724793708;-0,810854821;-0,160208976;0,390183924;0,939542447;0,436989689;-0,172666775;0,959026324;-0,239957272;0,3598514;1,436348084;4
0,314143572;-0,099504227;0,182055335;0,076821453;0,595505844;-0,557370027;-0,395915902;0,208775933;0,42064153;-0,473080506;-0,090953509;-0,105213774;1,92340835;1,263152812;4
-0,035309301;-0,099504227;0,515591828;-0,724793708;0,595505844;-0,358789502;-0,238695937;-0,911732721;0,42064153;-0,063425418;-0,234132577;-0,479501268;1,551535345;0,916762267;4
-0,908941481;0,520781863;-0,485017649;-0,724793708;-0,107674488;0,634113126;0,232963959;0,890824679;-0,135195867;-0,036115079;0,497671549;0,478674717;0,87540261;1,782738629;4
1,362502188;-0,409647272;0,182055335;-0,724793708;-0,107674488;-0,160208976;0,075743994;-0,229683975;0,436989689;-0,66425288;-1,522744189;0,583475215;2,13469983;0,916762267;4
0,139417135;-0,099504227;1,516201305;-0,724793708;-0,107674488;-0,358789502;0,232963959;0,257493701;-0,445810883;0,045815939;-0,329585289;-0,120185274;3,17425391;1,782738629;4
0,314143572;-0,409647272;0,182055335;-0,724793708;0,595505844;-0,160208976;-0,867575798;-0,863014953;-0,445810883;-0,063425418;-0,950027917;0,433760217;1,568438664;0,916762267;4
-0,908941481;1,141067953;-0,151481157;-0,724793708;1,298686176;0,236952075;0,232963959;-0,911732721;0,110026514;-0,69156322;-0,965936702;1,481765201;1,433212117;1,782738629;4
-0,035309301;0,210638818;0,84912832;-0,724793708;2,70504684;0,236952075;-0,395915902;-1,106603791;-0,936255646;-0,636942541;-1,220477268;1,391936202;1,365598843;1,955933902;4
-0,210035737;0,210638818;-0,151481157;0,076821453;1,298686176;0,435532601;0,390183924;-1,106603791;-1,099737233;0,209677974;-1,061389414;0,91284821;2,109344852;0,916762267;4
-0,734215045;0,830924908;-0,151481157;-0,724793708;-0,107674488;-0,358789502;-0,553135868;-0,32711951;0,208115467;-0,145356436;-0,377311645;-0,299843271;0,951467543;0,916762267;4
-0,908941481;-0,099504227;0,515591828;-0,724793708;1,298686176;0,832693652;0,390183924;-0,716861651;0,028285721;0,428160688;-0,520490713;-0,075270775;0,841595973;1,08995754;4
0,314143572;-0,409647272;-0,485017649;-0,724793708;2,001866508;0,435532601;0,390183924;-0,083530672;-0,037106914;-0,609632202;0,020407989;0,808047712;1,940311668;0,916762267;4
0,488870008;-0,719790317;-0,151481157;-0,724793708;2,70504684;0,236952075;0,075743994;0,06262263;0,81299734;0,127746956;-0,186406221;1,332050203;1,348695525;0,570371723;4
0,663596444;0,210638818;0,182055335;-0,724793708;3,408227172;0,038371549;-0,238695937;-0,716861651;0,371597054;-0,800804576;-0,886392776;-0,224985772;2,100893193;0,743566995;4
-0,908941481;0,210638818;-0,818554142;-0,724793708;1,298686176;0,435532601;0,075743994;0,842106912;0,110026514;0,537402044;0,434036407;0,328959719;1,137404045;1,263152812;4
0,139417135;0,210638818;-0,818554142;-0,724793708;-0,107674488;-0,557370027;-0,710355833;-0,034812905;-1,230522503;-0,636942541;-0,138679865;0,703247213;3,17425391;0,916762267;4
0,139417135;0,210638818;-0,485017649;-0,724793708;2,001866508;0,038371549;0,390183924;-0,911732721;-0,380418248;-0,145356436;0,243130983;0,014558224;2,777025928;2,129129174;4
1,886681496;-0,409647272;0,182055335;-0,724793708;4,111407505;-0,358789502;-0,395915902;-0,716861651;0,093678355;-0,00880474;-0,138679865;0,493646216;1,602245301;1,609543357;4
-0,908941481;-0,409647272;0,515591828;0,076821453;2,70504684;0,236952075;0,232963959;0,452364771;0,191767308;-0,69156322;0,338583695;0,119358722;1,92340835;1,955933902;4
0,663596444;-0,099504227;0,182055335;-0,724793708;2,70504684;0,435532601;-0,081475972;-0,52199058;-1,050692757;0,810505436;-0,854575205;0,044501224;3,292577139;2,475519719;4
-0,035309301;-0,409647272;-0,485017649;-0,724793708;-0,107674488;0,634113126;0,54740389;-0,668143883;-0,200588502;-0,063425418;0,434036407;0,134330222;2,979865749;1,955933902;4
0,139417135;0,210638818;-1,152090634;-0,724793708;2,001866508;-0,358789502;-0,395915902;-0,278401743;-0,249632978;-0,964666612;-0,711396137;0,823019211;2,067086556;1,263152812;4
0,139417135;0,520781863;-0,485017649;-0,724793708;1,298686176;0,236952075;-0,081475972;-0,911732721;0,404293372;-0,964666612;-0,584125854;0,014558224;2,836187542;1,263152812;4
-0,559488609;0,210638818;-1,152090634;-0,724793708;0,595505844;-0,358789502;-1,024795764;-1,106603791;-1,181478027;-0,445770167;-1,188659697;-0,105213774;2,886897498;0,743566995;4
1,013049316;0,210638818;-0,818554142;-0,724793708;2,70504684;0,038371549;-0,238695937;-0,375837278;2,25163531;-0,69156322;0,08404313;-0,284871771;1,069790772;1,263152812;4
0,314143572;0,210638818;-1,152090634;-0,724793708;1,298686176;-0,160208976;-0,238695937;-0,619426116;0,845693658;-0,418459828;-0,584125854;0,493646216;2,016376601;1,436348084;4
-0,734215045;-0,719790317;-1,152090634;-0,724793708;-0,107674488;1,031274177;1,019063786;-0,619426116;1,973716612;-0,609632202;-0,472764357;0,403817218;0,883854269;1,263152812;4
1,886681496;-0,409647272;-0,151481157;-0,724793708;0,595505844;0,435532601;0,232963959;-0,473272813;0,306204419;-0,527701184;-0,950027917;-0,674130765;2,151603148;1,955933902;4
0,663596444;-0,719790317;-0,485017649;0,076821453;2,70504684;-0,160208976;0,390183924;-0,716861651;0,371597054;-0,33652881;-0,281858933;0,478674717;1,974118305;1,609543357;4
-0,035309301;-0,099504227;0,84912832;-0,724793708;0,595505844;-0,160208976;-0,395915902;-0,911732721;-0,298677454;-0,636942541;-1,156842126;-0,120185274;1,948763327;1,609543357;4
-0,384762173;-0,099504227;-0,485017649;-0,724793708;-0,107674488;0,038371549;0,232963959;-0,863014953;-0,396766407;-0,746183898;0,004499203;0,91284821;0,689466108;1,263152812;4
0,314143572;-0,099504227;0,515591828;-0,724793708;0,595505844;0,038371549;0,075743994;-0,960450489;-0,396766407;-0,66425288;0,513580334;0,343931219;2,86154252;1,609543357;4
2,410860805;-0,719790317;0,515591828;-0,724793708;2,70504684;-0,160208976;0,54740389;0,695953609;1,826583183;0,0185056;0,911299968;0,164273222;1,568438664;1,263152812;4
-0,035309301;-0,409647272;0,84912832;0,076821453;-0,810854821;0,236952075;0,232963959;2,157486636;0,698560229;-0,036115079;1,309019601;-0,614244766;1,568438664;1,436348084;4
0,83832288;-0,099504227;-0,485017649;0,076821453;0,595505844;0,634113126;0,54740389;-0,473272813;0,338900737;-0,718873559;-0,250041362;-0,075270775;1,374050502;0,743566995;4
-1,083667917;-0,099504227;-0,485017649;-0,724793708;-0,810854821;-0,160208976;0,704623855;-0,229683975;0,175419149;0,155057296;0,243130983;-0,015384776;0,435916332;1,263152812;4
0,139417135;0,210638818;-0,151481157;-0,724793708;0,595505844;-0,160208976;-0,081475972;0,06262263;-0,102499549;-0,473080506;0,338583695;-0,464529769;1,619148619;1,263152812;4
1,013049316;-0,409647272;-0,151481157;-0,724793708;2,001866508;0,236952075;0,232963959;0,257493701;0,28985626;-0,718873559;0,290857339;-0,120185274;0,266883148;1,08995754;4
1,013049316;-0,409647272;-1,485627127;-0,724793708;-0,107674488;0,236952075;0,54740389;1,085695749;0,142722832;-0,473080506;0,274948554;0,089415723;1,779730144;1,263152812;4
1,187775752;-0,099504227;-0,818554142;-0,724793708;0,595505844;0,038371549;1,019063786;-0,034812905;-0,151544026;-0,910045933;0,465853978;-0,075270775;3,563030233;1,609543357;4
0,139417135;-0,099504227;0,182055335;-0,724793708;-0,107674488;0,435532601;0,54740389;0,598518074;-0,069803232;-0,172666775;0,593124261;-0,254928772;0,326044763;1,436348084;4
0,488870008;-0,099504227;0,182055335;-0,724793708;1,298686176;0,038371549;-0,238695937;-0,52199058;-0,364070089;-0,555011524;0,052225559;-0,434586769;0,317593104;1,08995754;4
0,663596444;-0,099504227;0,515591828;-0,724793708;0,595505844;-0,358789502;-0,238695937;-0,375837278;0,763952864;-0,555011524;-0,39322043;-0,224985772;0,528884583;0,743566995;4
1,013049316;-0,719790317;-0,818554142;0,076821453;0,595505844;0,038371549;-0,081475972;0,257493701;0,257159943;-0,090735757;1,00675268;-0,614244766;2,624896063;1,782738629;4
0,83832288;-0,719790317;0,182055335;-0,724793708;1,298686176;0,832693652;0,704623855;0,598518074;0,453337848;-0,800804576;0,163587057;0,403817218;0,765531041;1,08995754;4
1,187775752;-0,099504227;-0,818554142;-0,724793708;-0,107674488;0,435532601;-0,238695937;0,013904863;0,927434452;-0,254597792;1,499925025;1,661423198;1,796633462;1,955933902;4
-0,210035737;-0,099504227;0,515591828;0,076821453;-0,810854821;0,236952075;0,54740389;2,303639939;0,927434452;-0,746183898;0,386310051;0,23913072;2,489669516;1,782738629;4
0,488870008;-0,409647272;-0,818554142;0,076821453;-0,810854821;0,435532601;0,704623855;0,598518074;1,221701309;0,264298652;-0,234132577;-0,000413276;0,723272745;1,609543357;4
-0,210035737;-0,409647272;-1,485627127;-0,724793708;-0,810854821;-0,160208976;0,390183924;0,403647003;1,842931342;-0,445770167;0,115860701;-0,329786271;2,23611974;1,436348084;4
-0,210035737;-0,409647272;0,182055335;0,878436614;0,595505844;-0,358789502;0,232963959;0,988260214;-0,478507201;-0,66425288;-0,043227153;-0,284871771;1,914956691;0,223981178;4
0,663596444;-0,409647272;-1,485627127;-0,724793708;0,595505844;0,038371549;0,390183924;0,452364771;1,07456788;-0,937356272;0,338583695;0,463703217;2,261474717;1,436348084;4
-0,210035737;0,520781863;0,515591828;-0,724793708;-0,107674488;0,435532601;0,86184382;-0,278401743;0,322552578;-0,00880474;-0,170497435;0,23913072;0,3598514;1,436348084;4
-0,035309301;0,210638818;0,182055335;0,076821453;-0,810854821;-0,160208976;0,390183924;-0,473272813;-0,511203518;-0,172666775;0,290857339;0,194216221;1,754375166;0,570371723;4
-0,384762173;0,210638818;0,515591828;-0,724793708;-0,810854821;-0,358789502;-0,238695937;0,988260214;1,254397627;-0,227287453;0,720394544;0,26907372;1,729020188;0,916762267;4
0,139417135;-0,409647272;-0,151481157;0,076821453;-0,107674488;0,435532601;0,704623855;-0,180966207;0,518730483;-0,828114916;0,131769486;-0,269900272;2,540379471;1,08995754;4
0,314143572;0,210638818;0,515591828;-0,724793708;2,001866508;-0,160208976;-0,081475972;-1,106603791;0,175419149;-0,882735594;-0,218223791;0,343931219;1,010629157;0,39717645;4
-1,433120789;0,210638818;-0,485017649;-0,724793708;-0,107674488;-0,160208976;0,232963959;0,744671376;0,992827087;-0,582321863;0,736303329;0,089415723;0,968370861;1,263152812;4
-0,035309301;-0,719790317;-0,151481157;-0,724793708;1,298686176;0,038371549;-0,081475972;1,378002355;-0,364070089;-0,418459828;-0,106862294;-0,674130765;1,92340835;0,743566995;4
1,71195506;-0,409647272;-0,485017649;-0,724793708;2,001866508;-0,160208976;-0,081475972;-0,716861651;0,518730483;-0,172666775;1,770374376;-0,704073765;0,444367991;1,609543357;4
0,139417135;-0,099504227;0,84912832;-0,724793708;-0,107674488;0,634113126;0,704623855;-0,814297186;0,044633879;-0,937356272;0,004499203;0,852962211;1,830440099;2,302324446;4
0,139417135;-0,099504227;-0,151481157;-0,724793708;0,595505844;0,236952075;-0,395915902;-0,668143883;0,747604705;-0,66425288;0,386310051;0,194216221;0,114753283;0,570371723;4
-0,384762173;0,210638818;-0,485017649;0,076821453;-0,107674488;-0,557370027;-0,867575798;-1,106603791;-0,870863011;-0,66425288;1,499925025;0,194216221;1,830440099;1,436348084;4
0,663596444;-0,099504227;-0,818554142;-0,724793708;0,595505844;0,038371549;0,075743994;-0,229683975;-0,233284819;-0,118046096;-0,456855571;-0,090242274;1,652955256;0,916762267;4
1,013049316;0,210638818;-0,151481157;0,076821453;-0,107674488;0,634113126;0,232963959;-0,863014953;-0,674685106;-0,937356272;0,004499203;0,194216221;0,816240996;0,743566995;4
-0,035309301;-0,099504227;-0,818554142;-0,724793708;-0,810854821;-0,160208976;0,390183924;0,403647003;0,28985626;-0,473080506;1,340837172;-0,434586769;1,559987005;1,08995754;4
-0,035309301;-0,099504227;1,849737798;-0,724793708;0,595505844;0,634113126;0,075743994;-0,278401743;0,110026514;-0,800804576;0,115860701;-0,35972927;0,579594539;0,223981178;4
1,187775752;-0,409647272;-0,151481157;-0,724793708;-0,107674488;0,236952075;0,54740389;-0,52199058;0,486034165;-0,773494237;-0,759122493;0,403817218;1,991021623;0,743566995;4
0,488870008;0,520781863;0,182055335;-0,724793708;3,408227172;-0,358789502;-0,553135868;-0,180966207;-0,772774058;-0,636942541;-0,440946786;-0,254928772;1,230372296;1,263152812;4
1,013049316;-0,099504227;0,182055335;-0,724793708;1,298686176;-0,358789502;-0,395915902;-0,32711951;-0,037106914;-0,418459828;-1,172750912;-0,210014272;3,444707004;1,08995754;4
0,488870008;0,210638818;0,515591828;-0,724793708;2,70504684;0,038371549;-0,238695937;-1,106603791;-1,034344598;-0,636942541;-0,790940063;0,089415723;0,765531041;1,08995754;4
-0,384762173;0,210638818;0,515591828;-0,724793708;1,298686176;-0,160208976;-0,238695937;-0,180966207;-0,020758756;0,318919331;-0,361402859;0,852962211;1,669858574;1,436348084;4
0,83832288;-0,099504227;-0,151481157;-0,724793708;1,298686176;-0,755950553;-0,238695937;-0,863014953;-0,740077741;-0,418459828;-0,059135938;0,643361214;2,075538215;0,570371723;4
2,236134369;0,210638818;-0,485017649;-0,724793708;0,595505844;0,236952075;-0,238695937;-1,009168256;-0,331373772;-0,746183898;-0,265950147;0,763133212;-0,197958107;1,263152812;4
0,663596444;0,520781863;-0,151481157;-0,724793708;0,595505844;0,236952075;-0,395915902;-0,083530672;-0,641988788;-0,964666612;-0,425038001;-0,015384776;0,35139974;0,570371723;4
-0,908941481;-0,409647272;-0,485017649;0,076821453;0,595505844;-0,160208976;0,390183924;0,111340398;-0,069803232;-0,718873559;-0,997754273;0,433760217;1,50082539;0,743566995;4
0,314143572;-0,409647272;0,182055335;0,878436614;1,298686176;0,236952075;0,390183924;-0,229683975;0,093678355;0,67395374;0,115860701;0,194216221;1,593793641;1,955933902;4
-0,035309301;-0,409647272;0,182055335;0,076821453;-0,107674488;0,038371549;0,232963959;-0,278401743;0,175419149;-0,227287453;-0,138679865;0,373874218;1,112049068;1,263152812;4
-0,559488609;0,210638818;0,182055335;-0,724793708;0,595505844;0,435532601;0,390183924;1,085695749;-0,053455073;0,182367635;0,609033046;0,942791209;3,28412548;2,648714991;4
-0,384762173;-0,099504227;-0,818554142;-0,724793708;2,001866508;0,832693652;0,704623855;-0,229683975;0,68221207;-0,718873559;0,545397905;0,209187721;1,289533911;1,782738629;4
0,663596444;-0,719790317;-0,818554142;-0,724793708;0,595505844;-0,358789502;-0,710355833;-1,106603791;-0,184240343;-0,609632202;-1,0772982;-0,404643769;1,137404045;0,743566995;4
0,663596444;-0,099504227;-0,151481157;-0,724793708;1,298686176;0,435532601;0,390183924;-1,057886024;0,191767308;-0,172666775;-0,536399498;-0,075270775;1,323340547;1,08995754;4
-0,908941481;0,210638818;-0,818554142;0,076821453;2,001866508;1,229854703;0,54740389;-0,52199058;-1,083389074;-0,199977114;-0,647760995;1,766223697;2,413604583;1,263152812;4
0,663596444;0,210638818;-0,485017649;-0,724793708;0,595505844;0,435532601;-0,081475972;-1,106603791;-0,838166693;-0,964666612;-0,997754273;-0,37470077;2,286829695;1,08995754;4
-0,384762173;0,210638818;0,182055335;-0,724793708;2,001866508;0,832693652;0,075743994;-1,106603791;-0,641988788;-0,964666612;-0,711396137;0,478674717;0,87540261;1,609543357;4
-1,083667917;-0,409647272;-0,485017649;-0,724793708;-0,810854821;0,038371549;0,232963959;0,354929236;-0,445810883;-0,363839149;-0,39322043;-0,299843271;1,534632027;1,263152812;4
-1,433120789;1,141067953;-0,151481157;-0,724793708;-0,810854821;0,038371549;0,704623855;-0,619426116;-0,053455073;-0,746183898;1,595377737;0,942791209;1,196565659;1,609543357;4
-1,957300098;0,520781863;1,182664813;0,076821453;-0,107674488;0,038371549;-0,081475972;-0,473272813;-0,151544026;-0,445770167;0,274948554;0,88290521;2,219216422;1,436348084;4
0,488870008;0,520781863;-1,485627127;-0,724793708;-0,107674488;0,435532601;0,390183924;-0,278401743;0,894738134;-0,937356272;-0,202315006;0,059472723;2,092441534;2,129129174;4
-1,433120789;-0,409647272;-0,485017649;-0,724793708;-0,107674488;-0,160208976;0,54740389;-0,083530672;0,68221207;0,264298652;0,306766125;-0,659159265;1,483922072;0,916762267;4
0,663596444;-0,409647272;-0,151481157;-0,724793708;-0,107674488;-0,358789502;0,075743994;-0,424555045;0,191767308;0,182367635;0,513580334;-0,165099773;0,655659471;0,570371723;4
-0,384762173;-0,409647272;0,84912832;-0,724793708;0,595505844;0,832693652;0,390183924;-0,911732721;0,044633879;-0,418459828;0,338583695;-0,269900272;2,286829695;1,609543357;4
0,488870008;-0,099504227;0,182055335;-0,724793708;2,001866508;1,031274177;0,704623855;-1,106603791;-0,216936661;-0,33652881;-0,329585289;0,149301722;1,737471848;1,609543357;4
1,187775752;-0,409647272;0,84912832;-0,724793708;2,001866508;0,236952075;0,390183924;-0,960450489;-0,053455073;-0,69156322;0,068134345;0,014558224;0,883854269;1,08995754;4
1,537228624;-0,409647272;0,182055335;0,076821453;2,001866508;0,236952075;0,54740389;-1,057886024;0,796649182;-0,391149488;0,577215475;0,568503715;2,278378036;2,129129174;4
0,139417135;0,210638818;-0,151481157;-0,724793708;2,70504684;-0,358789502;-0,710355833;-0,863014953;-0,821818534;-0,227287453;-1,268203624;-0,314814771;2,041731579;1,08995754;4
-0,210035737;-0,409647272;0,182055335;-0,724793708;1,298686176;-0,358789502;-0,710355833;-1,106603791;-1,622878313;-0,828114916;-0,313676503;0,343931219;2,641799381;1,263152812;4
-0,035309301;0,210638818;0,84912832;-0,724793708;-0,107674488;0,038371549;-0,238695937;0,111340398;-0,102499549;0,045815939;-0,918210346;0,029529724;1,08669409;1,263152812;4
-1,607847225;-0,719790317;-0,485017649;-0,724793708;0,595505844;0,236952075;-0,081475972;-1,106603791;-0,576596153;-0,66425288;0,386310051;0,643361214;2,988317408;2,129129174;4
0,663596444;0,210638818;-0,151481157;0,076821453;0,595505844;0,435532601;0,704623855;-0,668143883;-0,560247994;-0,254597792;0,449945193;0,523589216;2,641799381;1,263152812;4
-0,559488609;0,210638818;1,182664813;-0,724793708;1,298686176;-0,755950553;-0,710355833;-0,619426116;0,371597054;-0,145356436;-0,552308283;-0,419615269;0,765531041;0,570371723;4
2,760313677;-0,719790317;1,516201305;0,076821453;2,70504684;-0,358789502;-0,395915902;2,254922171;0,960130769;-0,69156322;0,688576973;-0,778931264;1,205017319;1,263152812;4
-0,210035737;-0,099504227;0,84912832;-0,724793708;-0,107674488;0,236952075;0,390183924;0,744671376;-0,233284819;-0,855425255;1,611286522;0,478674717;0,427464673;1,609543357;4
0,83832288;-0,409647272;0,515591828;-0,724793708;0,595505844;0,236952075;0,075743994;-0,180966207;-0,069803232;0,209677974;1,181749318;-0,120185274;1,044435794;1,263152812;4
0,488870008;0,210638818;0,515591828;-0,724793708;0,595505844;-0,160208976;0,075743994;0,452364771;1,139960515;-0,964666612;0,163587057;0,388845718;1,526180368;1,782738629;4
1,71195506;-0,719790317;-0,818554142;-0,724793708;-0,107674488;-0,358789502;0,390183924;0,403647003;-0,086151391;-0,445770167;0,497671549;-0,868760262;1,796633462;2,129129174;4
-0,210035737;-0,409647272;0,515591828;-0,724793708;-0,810854821;0,435532601;0,86184382;0,939542447;0,453337848;0,34622967;0,752212114;0,673304214;2,827735883;1,609543357;4
0,488870008;-0,099504227;-0,151481157;-0,724793708;0,595505844;0,236952075;0,232963959;0,013904863;0,894738134;-0,937356272;0,465853978;-0,045327775;2,819284224;1,08995754;4
-0,210035737;-0,409647272;1,849737798;0,076821453;2,70504684;-0,358789502;-0,395915902;-0,716861651;0,208115467;-0,828114916;0,115860701;-0,35972927;1,931860009;1,08995754;4
-0,210035737;-0,099504227;0,182055335;0,076821453;-0,107674488;0,634113126;0,390183924;-0,32711951;0,796649182;-0,527701184;0,211313413;1,152392206;1,188114;1,436348084;4
1,187775752;-0,099504227;-0,485017649;-0,724793708;4,111407505;0,236952075;-0,081475972;-0,863014953;0,404293372;-0,445770167;0,32267491;1,062563208;0,98527418;1,609543357;4
0,663596444;-0,099504227;-0,485017649;-0,724793708;1,298686176;0,236952075;-0,238695937;-0,668143883;-0,462159042;-0,964666612;-0,822757634;0,29901672;2,168506466;1,609543357;4
-1,083667917;-0,099504227;-0,818554142;-0,724793708;0,595505844;0,634113126;0,86184382;0,452364771;0,338900737;-0,145356436;1,00675268;-0,284871771;3,27567382;2,302324446;4
-1,258394353;0,210638818;-0,818554142;-0,724793708;-0,810854821;-0,755950553;-0,238695937;1,036977982;-0,265981137;-0,473080506;-0,488673142;0,88290521;1,898053372;0,39717645;4
-0,384762173;1,141067953;-1,819163619;-0,724793708;1,298686176;0,236952075;0,232963959;-0,473272813;-0,037106914;-0,882735594;-0,361402859;1,736280697;1,762826825;1,436348084;4
0,488870008;-0,099504227;-0,818554142;-0,724793708;0,595505844;0,038371549;-0,395915902;-1,106603791;-1,132433551;-0,609632202;-0,647760995;1,706337698;1,171210682;2,302324446;4
-0,908941481;0,210638818;-0,151481157;-0,724793708;2,001866508;-0,358789502;-0,238695937;-1,106603791;1,189004992;-0,882735594;0,163587057;-0,479501268;1,416308798;1,08995754;4
0,663596444;-0,099504227;-0,818554142;0,076821453;-0,107674488;0,038371549;-0,710355833;-1,057886024;-1,524789361;-0,391149488;-1,331838765;0,972734209;2,050183238;0,223981178;4
-0,559488609;0,210638818;-0,151481157;-0,724793708;1,298686176;0,435532601;0,86184382;-0,32711951;1,46692369;0,100436617;-0,981845488;0,613418215;0,444367991;0,916762267;4
0,83832288;-0,719790317;-0,485017649;-0,724793708;-0,107674488;-0,755950553;-0,867575798;-1,009168256;-0,069803232;-0,199977114;0,354492481;-0,299843271;1,602245301;1,782738629;4
-0,210035737;0,210638818;0,515591828;-0,724793708;-0,107674488;0,634113126;0,232963959;-0,278401743;0,28985626;-0,964666612;-0,965936702;0,433760217;0,959919202;1,609543357;4
0,83832288;-0,099504227;-0,485017649;-0,724793708;3,408227172;-0,160208976;0,390183924;1,767744495;0,175419149;0,127746956;-0,011409582;0,164273222;1,619148619;1,436348084;4
0,663596444;-0,719790317;-0,818554142;-0,724793708;1,298686176;0,038371549;-0,238695937;0,208775933;0,649515753;-0,391149488;0,099951915;-0,060299275;1,179662341;0,916762267;4
-0,734215045;0,210638818;-0,151481157;0,076821453;1,298686176;0,038371549;-0,395915902;-1,106603791;-0,968951963;-0,33652881;-0,059135938;0,538560716;0,926112565;1,436348084;4
-0,035309301;0,210638818;0,515591828;-0,724793708;-0,107674488;0,236952075;-0,081475972;-0,375837278;0,142722832;0,0185056;-0,234132577;0,568503715;0,56269122;1,08995754;4
0,314143572;-0,719790317;0,515591828;-0,724793708;-0,810854821;-0,160208976;-0,710355833;-0,473272813;-0,429462724;0,482781366;-0,027318367;0,014558224;1,948763327;2,648714991;4
-0,035309301;-0,409647272;-0,151481157;-0,724793708;1,298686176;0,236952075;0,54740389;-0,32711951;-0,331373772;-0,254597792;0,08404313;-0,614244766;1,154307363;0,916762267;4
-0,734215045;0,520781863;0,182055335;-0,724793708;1,298686176;0,634113126;0,390183924;-0,229683975;-0,723729582;-0,172666775;-0,043227153;0,778104712;1,771278484;1,263152812;4
-0,035309301;0,210638818;-0,151481157;-0,724793708;0,595505844;-0,160208976;-0,238695937;-0,765579418;0,355248895;-0,090735757;0,274948554;0,29901672;0,292238126;1,08995754;4
-0,559488609;-0,409647272;0,84912832;-0,724793708;-0,107674488;0,038371549;-0,238695937;-0,863014953;0,387945213;-0,090735757;-0,536399498;1,227249705;1,120500727;1,436348084;4
-0,210035737;-0,409647272;0,182055335;-0,724793708;1,298686176;0,435532601;-0,081475972;0,306211468;0,191767308;-0,254597792;-0,600034639;-0,329786271;2,768574269;1,436348084;4
-0,210035737;0,520781863;0,182055335;-0,724793708;1,298686176;0,236952075;0,390183924;-0,424555045;-0,429462724;-0,69156322;-0,934119132;0,763133212;2,912252475;1,08995754;4
0,83832288;-0,409647272;-0,151481157;-0,724793708;0,595505844;0,038371549;0,390183924;-0,911732721;-0,167892184;-0,199977114;-0,186406221;-0,135156774;1,306437229;1,609543357;4
1,886681496;-0,099504227;-0,485017649;-0,724793708;1,298686176;0,038371549;0,075743994;-0,716861651;-0,184240343;-0,33652881;-0,695487351;0,119358722;0,199269875;0,39717645;4
0,488870008;-0,409647272;-1,152090634;-0,724793708;-0,810854821;0,435532601;0,86184382;-1,057886024;0,28985626;-0,527701184;0,895391182;0,343931219;2,557282789;1,263152812;4
0,83832288;-0,099504227;0,84912832;0,076821453;-0,810854821;-0,160208976;1,176283751;-0,375837278;-0,118847708;-0,254597792;0,147678271;0,164273222;3,326383775;1,263152812;4
-0,035309301;-0,099504227;-1,152090634;-0,724793708;2,001866508;0,435532601;0,390183924;-0,278401743;-1,099737233;-0,445770167;-0,361402859;-0,464529769;0,427464673;0,570371723;4
0,139417135;-0,409647272;0,515591828;-0,724793708;2,70504684;1,031274177;0,390183924;-0,32711951;1,499620008;-0,309218471;-0,011409582;0,403817218;1,179662341;1,436348084;4
-0,384762173;-0,099504227;-1,152090634;-0,724793708;-0,107674488;0,236952075;0,704623855;-0,32711951;0,404293372;0,209677974;1,75446559;0,987705709;1,407857139;1,782738629;4
-0,210035737;0,210638818;-1,152090634;-0,724793708;1,298686176;0,832693652;0,86184382;-0,083530672;0,780301023;-0,254597792;-0,997754273;-0,239957272;1,179662341;0,916762267;4
0,488870008;1,141067953;-0,818554142;-0,724793708;2,001866508;0,435532601;0,075743994;-1,057886024;-0,396766407;-0,309218471;-0,806848849;0,91284821;1,069790772;1,263152812;4
-0,734215045;0,210638818;-1,152090634;-0,724793708;-0,107674488;0,038371549;0,232963959;0,354929236;-0,413114566;-0,445770167;-0,234132577;1,5566227;3,005220726;1,782738629;4
-0,210035737;-0,719790317;-0,485017649;-0,724793708;0,595505844;0,435532601;-0,081475972;0,06262263;0,42064153;-0,69156322;0,56130669;0,074444223;2,743219291;1,782738629;4
0,314143572;-0,409647272;-0,818554142;-0,724793708;-0,107674488;0,038371549;0,232963959;-0,424555045;-0,233284819;-0,418459828;0,402218837;0,493646216;2,295281354;1,782738629;4
0,488870008;0,210638818;-0,818554142;0,076821453;0,595505844;1,031274177;1,019063786;-0,180966207;-0,069803232;-0,69156322;0,656759402;0,373874218;1,652955256;1,436348084;4
-0,035309301;-0,099504227;-0,151481157;-0,724793708;2,001866508;0,038371549;-0,395915902;0,160058166;-1,459396726;-0,527701184;-1,395473906;1,466793701;1,568438664;1,08995754;4
-0,559488609;-0,099504227;-1,485627127;-0,724793708;2,70504684;-0,358789502;-0,081475972;-1,106603791;-0,315025613;-0,363839149;0,402218837;0,074444223;3,199608888;1,436348084;4
0,488870008;-0,409647272;-0,485017649;-0,724793708;2,001866508;0,236952075;0,232963959;-0,911732721;-0,216936661;0,155057296;-0,790940063;-0,135156774;1,864246736;1,263152812;4
-0,035309301;-0,099504227;-1,485627127;-0,724793708;2,001866508;0,435532601;0,704623855;-1,106603791;-0,494855359;-0,66425288;-0,39322043;1,212278205;3,250318843;1,782738629;4
1,187775752;-0,409647272;-1,152090634;0,076821453;2,001866508;0,038371549;-0,081475972;0,257493701;-0,167892184;-0,473080506;-0,63185221;-0,629216266;2,616444403;1,609543357;4
-0,210035737;-0,409647272;-0,485017649;0,076821453;-0,107674488;-0,160208976;-0,238695937;-0,619426116;0,257159943;0,127746956;-0,329585289;-0,254928772;1,661406915;1,609543357;4
-0,210035737;0,210638818;-1,152090634;-0,724793708;-0,810854821;-0,358789502;-0,081475972;-0,473272813;0,093678355;-0,746183898;-0,63185221;0,059472723;1,754375166;0,570371723;4
-0,384762173;-0,099504227;-1,152090634;-0,724793708;2,70504684;0,435532601;0,54740389;-1,106603791;-1,573833837;-0,00880474;0,115860701;0,523589216;3,38554539;1,609543357;4
-0,384762173;-0,409647272;-0,818554142;0,076821453;2,70504684;0,038371549;0,390183924;0,111340398;-0,756425899;-0,718873559;0,227222198;0,014558224;2,210764762;1,263152812;4
0,83832288;-0,719790317;-0,485017649;0,076821453;1,298686176;0,236952075;0,704623855;-0,863014953;-0,347721931;-0,33652881;0,131769486;-0,509444268;4,999812295;2,821910263;4
0,83832288;-0,409647272;-0,485017649;-0,724793708;1,298686176;-0,160208976;-0,081475972;-1,106603791;0,044633879;-0,473080506;-0,600034639;0,149301722;2,582637767;1,782738629;4
1,71195506;-0,409647272;-0,818554142;-0,724793708;2,70504684;0,435532601;0,390183924;-0,814297186;0,142722832;-0,773494237;-0,615943425;0,373874218;1,281082251;1,08995754;4
0,314143572;0,210638818;-0,818554142;-0,724793708;-0,107674488;0,832693652;0,390183924;0,842106912;0,502382324;-0,69156322;0,036316774;0,463703217;1,644503597;1,08995754;4
0,83832288;0,830924908;-0,818554142;-0,724793708;1,298686176;0,435532601;0,54740389;-0,960450489;0,453337848;-0,69156322;0,32267491;1,062563208;0,816240996;0,916762267;4
0,83832288;0,210638818;-0,485017649;0,076821453;2,70504684;0,634113126;0,54740389;-0,863014953;-1,116085392;-0,582321863;0,147678271;0,388845718;3,858838304;0,39717645;4
-0,035309301;0,520781863;-1,152090634;-0,724793708;0,595505844;0,236952075;0,075743994;-1,106603791;-0,494855359;-0,555011524;-0,075044723;1,871024195;2,506572834;1,08995754;4
1,71195506;-0,409647272;0,182055335;0,076821453;1,298686176;-0,557370027;-0,081475972;0,501082539;1,663101595;0,182367635;0,32267491;-0,479501268;2,210764762;1,08995754;4
-0,210035737;-0,099504227;0,515591828;-0,724793708;2,001866508;0,038371549;-0,081475972;0,452364771;0,028285721;-0,609632202;0,513580334;-0,000413276;1,686761893;1,609543357;4
0,314143572;0,520781863;-0,818554142;0,076821453;-0,107674488;0,236952075;1,176283751;-0,375837278;1,499620008;-0,33652881;0,481762763;-0,075270775;1,019080816;1,782738629;4
0,488870008;-0,099504227;-0,485017649;0,076821453;2,70504684;0,634113126;1,019063786;0,647235841;-0,102499549;-0,609632202;1,420381098;0,209187721;2,320636332;0,570371723;4
0,488870008;-0,719790317;-0,485017649;-0,724793708;-0,810854821;0,038371549;0,390183924;-0,034812905;-0,592944312;-0,391149488;1,499925025;-0,464529769;1,576890323;1,436348084;4
1,537228624;-0,099504227;-0,151481157;-0,724793708;-0,107674488;-0,557370027;-0,238695937;-0,960450489;1,090916039;-0,609632202;2,597631213;-0,045327775;1,357147184;1,782738629;4
-0,210035737;-0,099504227;-0,818554142;-0,724793708;-0,107674488;1,031274177;0,86184382;-0,424555045;-0,543899836;-0,090735757;0,052225559;1,152392206;1,771278484;0,916762267;4
0,663596444;0,520781863;-1,152090634;-0,724793708;1,298686176;1,229854703;0,54740389;-0,911732721;0,584123118;-0,910045933;-0,504581927;0,92781971;0,943015884;1,436348084;4
1,013049316;-0,719790317;-1,485627127;-0,724793708;2,70504684;-0,160208976;-0,081475972;-0,034812905;0,469686007;0,510091705;0,227222198;-0,644187766;1,255727274;0,223981178;4
0,139417135;-0,409647272;-0,151481157;-0,724793708;-0,810854821;0,038371549;0,704623855;-0,034812905;0,81299734;-0,636942541;0,131769486;0,014558224;0,917660906;1,782738629;4
-0,559488609;-0,099504227;0,182055335;0,878436614;0,595505844;0,435532601;0,54740389;0,160058166;0,404293372;-0,063425418;1,165840533;0,613418215;1,272630592;1,782738629;4
0,314143572;-0,099504227;-0,485017649;0,076821453;-0,107674488;-0,557370027;-0,553135868;1,085695749;0,224463625;0,482781366;0,211313413;-0,494472768;2,692509336;0,743566995;4
0,139417135;-0,409647272;0,182055335;0,076821453;-0,810854821;0,038371549;1,490723682;0,452364771;1,515968167;-0,582321863;1,75446559;-0,404643769;2,886897498;1,263152812;4
1,537228624;-0,719790317;0,182055335;-0,724793708;0,595505844;0,236952075;0,390183924;-0,619426116;0,633167594;0,155057296;0,243130983;0,26907372;0,173914897;1,08995754;4
1,537228624;-0,409647272;0,182055335;-0,724793708;0,595505844;0,832693652;0,86184382;-1,106603791;0,126374673;-0,199977114;0,609033046;-0,180071273;2,44741122;1,436348084;4
1,187775752;-0,409647272;-0,151481157;0,076821453;-0,810854821;-0,755950553;-0,395915902;-0,911732721;0,306204419;0,783195097;0,131769486;-0,299843271;1,323340547;1,263152812;4
-0,384762173;0,210638818;0,515591828;-0,724793708;1,298686176;0,236952075;0,232963959;0,013904863;0,665863912;-0,063425418;0,195404627;0,089415723;0,714821086;1,782738629;4
1,187775752;-0,409647272;0,182055335;-0,724793708;1,298686176;0,634113126;0,704623855;0,306211468;-0,707381423;0,182367635;-0,202315006;-0,629216266;1,762826825;1,436348084;4
2,236134369;-0,409647272;-0,818554142;-0,724793708;0,595505844;0,038371549;0,86184382;-0,473272813;1,46692369;-0,227287453;1,356745957;0,29901672;1,035984135;1,609543357;4
1,013049316;-0,099504227;0,515591828;-0,724793708;-0,107674488;0,634113126;0,54740389;-0,619426116;0,011937562;0,619333062;0,831756041;0,134330222;3,064382341;1,782738629;4
0,139417135;0,520781863;0,182055335;-0,724793708;1,298686176;0,634113126;0,232963959;0,257493701;0,927434452;-0,718873559;0,004499203;0,134330222;1,644503597;0,743566995;4
0,314143572;-0,719790317;0,515591828;-0,724793708;0,595505844;0,832693652;0,704623855;-0,619426116;0,436989689;0,34622967;0,386310051;0,209187721;2,13469983;0,570371723;4
0,83832288;0,520781863;-0,818554142;-0,724793708;-0,107674488;0,038371549;0,704623855;0,208775933;0,845693658;-0,910045933;0,831756041;0,074444223;1,974118305;1,436348084;4
-0,035309301;-0,099504227;1,516201305;-0,724793708;1,298686176;0,435532601;0,232963959;-0,765579418;-0,527551677;-0,828114916;-0,456855571;-0,34475777;0,87540261;0,39717645;4
1,187775752;-0,719790317;1,516201305;-0,724793708;2,001866508;0,236952075;-0,553135868;0,842106912;-0,494855359;-0,69156322;-0,934119132;-0,659159265;1,686761893;1,436348084;4
-0,210035737;-0,409647272;0,515591828;0,076821453;1,298686176;-0,160208976;0,232963959;0,111340398;1,189004992;0,34622967;0,338583695;0,493646216;1,543083686;2,129129174;4
2,935040113;-0,409647272;-0,485017649;-0,724793708;2,70504684;-0,557370027;-0,238695937;-0,960450489;-0,331373772;-0,828114916;0,004499203;-0,329786271;3,402448708;2,129129174;4
0,488870008;-0,409647272;-0,485017649;-0,724793708;3,408227172;-0,358789502;0,54740389;-1,009168256;0,960130769;-0,281908132;-0,425038001;-0,299843271;0,56269122;2,129129174;4
-0,035309301;0,830924908;-0,485017649;-0,724793708;1,298686176;0,236952075;0,075743994;-0,765579418;0,94378261;-0,910045933;-1,156842126;0,209187721;0,342948081;0,916762267;4
-0,210035737;-0,719790317;-1,152090634;-0,724793708;0,595505844;0,634113126;1,019063786;-0,13224844;-0,527551677;0,127746956;1,213566889;-0,090242274;2,33753965;1,782738629;4
1,187775752;-0,099504227;-1,152090634;-0,724793708;1,298686176;0,038371549;-0,238695937;-0,570708348;-0,037106914;-0,582321863;-0,918210346;-0,254928772;3,343287094;1,609543357;4
-0,734215045;1,141067953;-0,151481157;-0,724793708;1,298686176;0,832693652;0,704623855;-0,668143883;-0,821818534;0,209677974;0,08404313;1,796166696;2,912252475;1,08995754;4
-0,035309301;0,210638818;-0,485017649;-0,724793708;0,595505844;-0,160208976;-0,395915902;0,208775933;0,878389975;-0,281908132;-0,902301561;0,313988219;0,283786467;1,263152812;4
0,83832288;0,520781863;-1,152090634;-0,724793708;-0,810854821;-0,358789502;-0,710355833;-0,083530672;-0,167892184;0,510091705;-0,918210346;0,658332714;2,954510771;1,609543357;4
-0,210035737;-0,099504227;-1,152090634;-0,724793708;0,595505844;0,435532601;0,075743994;-0,570708348;-0,380418248;-0,473080506;-1,029571844;1,391936202;1,382502162;1,609543357;4
0,488870008;0,520781863;-0,485017649;-0,724793708;4,814587837;0,634113126;0,704623855;-0,668143883;-0,413114566;-0,281908132;-0,472764357;0,194216221;1,636051937;1,263152812;4
-0,384762173;-0,099504227;-0,818554142;-0,724793708;0,595505844;0,634113126;0,54740389;0,354929236;-0,086151391;-0,036115079;0,020407989;-0,38967227;2,86154252;1,263152812;4
0,488870008;-0,099504227;-0,151481157;-0,724793708;-0,107674488;0,038371549;0,390183924;-0,229683975;0,240811784;-0,145356436;0,004499203;-0,075270775;1,576890323;1,609543357;4
-0,384762173;0,830924908;-1,485627127;-0,724793708;-0,107674488;-0,160208976;0,075743994;-1,106603791;-1,622878313;-0,445770167;-0,409129215;0,403817218;4,873037407;1,08995754;4
-0,908941481;-0,099504227;-0,485017649;-0,724793708;-0,810854821;0,038371549;-0,081475972;-1,106603791;-1,050692757;-0,609632202;-0,504581927;0,508617716;1,81353678;2,648714991;4
-0,210035737;0,210638818;-1,152090634;-0,724793708;0,595505844;0,634113126;1,019063786;0,257493701;-0,380418248;-0,445770167;-0,950027917;0,089415723;1,154307363;0,916762267;4
-0,734215045;-0,409647272;-0,151481157;-0,724793708;-0,810854821;0,832693652;1,019063786;-1,009168256;-0,625640629;-0,964666612;0,672668188;-0,075270775;3,4869653;0,916762267;4
-0,035309301;-0,099504227;-0,151481157;-0,724793708;0,595505844;0,236952075;0,232963959;-0,229683975;-0,069803232;0,045815939;-0,822757634;0,613418215;1,467018754;0,916762267;4
-0,384762173;-0,409647272;-0,485017649;-0,724793708;-0,810854821;0,236952075;0,86184382;-0,375837278;0,15907099;-0,199977114;1,356745957;-0,045327775;1,264178933;1,609543357;4
-0,559488609;0,210638818;-1,152090634;-0,724793708;1,298686176;0,236952075;0,075743994;-1,057886024;0,060982038;-0,66425288;0,08404313;0,733190213;1,50082539;1,08995754;4
-0,908941481;0,830924908;-0,485017649;-0,724793708;1,298686176;0,236952075;0,232963959;-0,278401743;-0,674685106;-0,391149488;-0,727304922;0,778104712;2,844639202;1,609543357;4
1,187775752;-0,719790317;0,182055335;-0,724793708;-0,107674488;-0,358789502;-0,238695937;0,647235841;0,714908388;-0,473080506;0,243130983;-0,000413276;2,117796511;2,302324446;4
0,488870008;-0,099504227;-1,485627127;-0,724793708;0,595505844;0,038371549;0,075743994;0,013904863;1,352486579;-0,227287453;0,56130669;0,328959719;1,796633462;1,955933902;4
1,362502188;-0,409647272;-0,485017649;-0,724793708;2,70504684;-0,755950553;-0,395915902;0,208775933;-0,887211169;0,755884758;-1,029571844;1,631480199;0,765531041;0,050785905;4
-0,210035737;0,210638818;0,515591828;-0,724793708;1,298686176;0,435532601;0,232963959;-0,668143883;0,665863912;-0,937356272;0,386310051;-0,000413276;1,019080816;1,782738629;4
1,013049316;0,210638818;0,515591828;-0,724793708;-0,107674488;0,435532601;0,86184382;-1,106603791;-0,151544026;0,127746956;0,179495842;0,26907372;0,993725839;0,916762267;4
1,013049316;-0,409647272;-0,151481157;-0,724793708;1,298686176;0,435532601;0,54740389;-0,180966207;-0,396766407;-0,746183898;0,08404313;0,328959719;1,255727274;1,609543357;4
1,362502188;-0,409647272;-0,151481157;-0,724793708;0,595505844;0,236952075;0,075743994;-0,52199058;0,649515753;0,428160688;1,102205392;-0,494472768;0,545787902;2,475519719;4
1,013049316;-0,409647272;0,182055335;-0,724793708;-0,107674488;0,634113126;0,232963959;-1,106603791;0,175419149;-0,882735594;-0,743213707;0,403817218;1,002177498;2,129129174;4
0,488870008;-0,409647272;0,515591828;0,076821453;1,298686176;0,038371549;0,390183924;0,160058166;1,565012643;0,209677974;-0,329585289;-0,539387267;1,29798557;1,782738629;4
-0,384762173;0,520781863;-0,151481157;0,076821453;0,595505844;-0,160208976;-0,553135868;-0,424555045;-0,102499549;-0,66425288;-0,170497435;0,433760217;0,7739827;0,916762267;4
0,663596444;0,520781863;0,515591828;-0,724793708;2,001866508;-0,160208976;-0,553135868;0,403647003;1,254397627;-0,828114916;-0,647760995;0,029529724;0,807789337;1,782738629;4
-0,384762173;0,210638818;-1,152090634;-0,724793708;2,001866508;0,832693652;0,232963959;-0,814297186;-0,413114566;-0,555011524;0,099951915;0,763133212;2,016376601;1,263152812;4
-0,035309301;-0,409647272;0,182055335;-0,724793708;2,70504684;1,031274177;0,704623855;-0,52199058;-0,527551677;-0,69156322;-0,552308283;0,029529724;2,345991309;1,609543357;4
-0,035309301;-0,719790317;1,516201305;0,076821453;-0,107674488;-0,557370027;-0,395915902;3,08312422;1,368834738;-0,527701184;-0,186406221;-0,195042773;0,833144314;0,570371723;5
-0,035309301;-0,409647272;0,182055335;1,680051776;-0,107674488;-0,160208976;-0,238695937;2,595946544;1,189004992;-0,391149488;1,00675268;0,014558224;1,374050502;1,08995754;5
1,187775752;-0,719790317;-0,485017649;0,076821453;0,595505844;-0,160208976;-0,238695937;-0,229683975;0,665863912;0,373540009;0,211313413;-0,943617761;0,402109696;0,743566995;5
-0,210035737;0,210638818;0,182055335;-0,724793708;-0,810854821;0,038371549;-0,395915902;0,257493701;-0,576596153;-0,527701184;-0,409129215;0,29901672;-0,197958107;1,08995754;6
-0,384762173;0,830924908;1,516201305;-0,724793708;0,595505844;-0,160208976;-0,710355833;-0,911732721;-0,658336947;-0,964666612;-1,55456176;0,26907372;0,765531041;0,570371723;6
-0,210035737;0,830924908;0,182055335;-0,724793708;2,70504684;0,634113126;0,075743994;0,403647003;-0,576596153;-0,964666612;-1,331838765;1,5715942;-0,096538197;0,570371723;6
-0,734215045;0,830924908;0,182055335;-0,724793708;0,595505844;-0,557370027;-1,024795764;-0,863014953;0,15907099;-0,964666612;-0,806848849;0,808047712;0,714821086;1,08995754;6
-1,957300098;-0,099504227;0,515591828;-0,724793708;-0,107674488;0,236952075;-0,081475972;0,501082539;-1,459396726;-0,418459828;-0,059135938;0,538560716;1,323340547;1,08995754;6
-1,607847225;1,761354043;-1,819163619;-0,724793708;0,595505844;1,428435228;0,86184382;-0,424555045;-0,789122217;-0,527701184;-1,79319354;3,203487674;0,638756153;-0,122409367;6
-0,559488609;0,830924908;-1,152090634;-0,724793708;-0,810854821;1,031274177;0,54740389;-1,106603791;-0,592944312;-0,855425255;-0,87048399;1,077534707;1,137404045;1,609543357;6
-0,734215045;0,210638818;1,182664813;-0,724793708;1,298686176;1,031274177;0,232963959;-1,106603791;-1,034344598;-0,882735594;-0,218223791;0,328959719;1,264178933;0,743566995;6
-0,908941481;1,141067953;0,182055335;-0,724793708;2,001866508;0,435532601;0,232963959;-0,619426116;-1,001648281;-0,636942541;-0,854575205;0,763133212;1,035984135;1,263152812;6
-1,957300098;0,830924908;0,84912832;0,076821453;-0,107674488;0,236952075;-0,081475972;0,06262263;-0,576596153;-0,445770167;-1,490926618;0,778104712;0,56269122;0,743566995;6
-0,908941481;0,520781863;0,84912832;-0,724793708;0,595505844;-0,358789502;-0,238695937;-0,13224844;-0,315025613;-0,172666775;-0,250041362;0,074444223;0,317593104;0,743566995;6
-0,559488609;0,210638818;-0,818554142;-0,724793708;-0,107674488;-0,160208976;0,232963959;-0,473272813;-0,936255646;0,455471027;0,290857339;0,598446715;0,435916332;0,743566995;6
-0,734215045;0,520781863;1,516201305;-0,724793708;0,595505844;0,435532601;0,075743994;-0,911732721;-0,233284819;-0,964666612;-1,045480629;0,23913072;-0,028924923;1,08995754;6
-0,908941481;0,210638818;-1,152090634;-0,724793708;-0,107674488;0,832693652;0,86184382;-0,668143883;-0,674685106;-0,828114916;-0,695487351;0,972734209;1,29798557;0,916762267;6
-0,908941481;1,141067953;-1,152090634;-0,724793708;-0,810854821;1,031274177;1,019063786;0,06262263;0,42064153;-0,227287453;-0,361402859;0,703247213;0,14855992;1,08995754;6
0,139417135;0,520781863;0,182055335;-0,724793708;0,595505844;0,038371549;0,075743994;-0,375837278;-0,004410597;-0,882735594;-0,329585289;0,91284821;0,224624853;0,743566995;6
-0,384762173;0,520781863;0,515591828;-0,724793708;-0,107674488;0,435532601;0,075743994;-1,106603791;-0,429462724;-0,882735594;-1,204568482;-0,075270775;0,072494987;1,08995754;6
-0,734215045;-0,099504227;0,84912832;-0,724793708;0,595505844;0,832693652;0,86184382;-0,32711951;-0,298677454;-0,882735594;-0,536399498;0,418788718;-0,316281336;1,263152812;6
-0,035309301;-0,099504227;0,515591828;0,076821453;0,595505844;0,038371549;-0,238695937;-1,106603791;0,15907099;-0,718873559;-0,790940063;1,706337698;-0,121893174;0,570371723;6
-0,908941481;0,210638818;0,515591828;-0,724793708;-0,810854821;-0,557370027;-0,553135868;-0,083530672;-0,265981137;-0,309218471;-0,281858933;0,643361214;0,56269122;0,39717645;6
-0,908941481;0,520781863;0,84912832;-0,724793708;-0,810854821;-0,160208976;-0,553135868;0,06262263;-0,298677454;0,291608992;-0,075044723;-0,254928772;-0,341636313;0,570371723;6
-1,083667917;0,520781863;0,182055335;-0,724793708;2,001866508;0,832693652;0,075743994;-0,960450489;-1,197826186;-0,33652881;-1,55456176;0,89787671;1,374050502;1,08995754;6
-0,210035737;0,210638818;0,182055335;0,076821453;0,595505844;0,435532601;0,075743994;-0,863014953;-0,609292471;-0,746183898;0,020407989;1,466793701;0,909209247;1,955933902;6
-0,908941481;0,210638818;1,182664813;-0,724793708;-0,107674488;-0,160208976;-0,553135868;0,208775933;-0,952603804;-0,281908132;-1,300021194;0,029529724;0,951467543;1,08995754;6
-1,083667917;0,210638818;-0,485017649;-0,724793708;1,298686176;0,634113126;0,075743994;0,06262263;-0,184240343;-0,33652881;-1,188659697;1,826109696;1,306437229;1,436348084;6
-0,035309301;0,210638818;1,182664813;-0,724793708;-0,810854821;0,038371549;-0,395915902;-1,009168256;-0,707381423;-0,636942541;-0,281858933;1,616508699;0,537336243;0,743566995;6
-0,559488609;0,210638818;0,182055335;-0,724793708;-0,107674488;0,634113126;0,86184382;-0,473272813;-0,037106914;-0,527701184;-0,361402859;0,179244721;0,123204942;0,39717645;6
-0,908941481;0,520781863;0,84912832;-0,724793708;-0,107674488;0,832693652;0,390183924;-0,863014953;-0,543899836;-0,363839149;0,418127622;0,808047712;0,46127131;1,08995754;6
-0,384762173;0,520781863;-1,152090634;-0,724793708;0,595505844;0,236952075;-0,081475972;-1,009168256;-0,674685106;-0,118046096;-0,759122493;0,942791209;0,317593104;1,955933902;6
-0,559488609;0,520781863;-1,152090634;-0,724793708;1,298686176;0,832693652;0,075743994;-0,229683975;0,436989689;-0,718873559;-1,506835404;1,841081195;-0,536024475;0,743566995;6
-1,083667917;0,830924908;0,182055335;-0,724793708;-0,107674488;0,435532601;0,075743994;-0,473272813;-0,413114566;-0,281908132;-0,15458865;1,856052695;-0,214861425;1,436348084;6
-0,559488609;-0,099504227;1,182664813;0,076821453;1,298686176;-0,160208976;-0,395915902;-0,034812905;-1,001648281;-0,910045933;-1,538652974;0,134330222;1,010629157;0,223981178;6
-0,210035737;0,520781863;0,182055335;0,076821453;0,595505844;0,832693652;0,704623855;-1,057886024;-0,511203518;-0,964666612;-1,236386053;1,421879202;1,103597408;1,436348084;6
-0,734215045;0,210638818;-0,818554142;-0,724793708;0,595505844;0,236952075;0,232963959;-0,668143883;0,486034165;-0,391149488;-0,727304922;1,182335206;-0,307829676;0,916762267;6
-1,607847225;0,210638818;1,182664813;-0,724793708;-0,107674488;0,236952075;0,075743994;0,013904863;0,633167594;0,236988313;-0,504581927;0,688275713;0,004881714;1,08995754;6
-0,908941481;-0,409647272;-1,152090634;-0,724793708;-0,810854821;0,832693652;0,704623855;-1,106603791;-0,184240343;-0,609632202;0,752212114;1,436850702;0,630304494;1,263152812;6
-0,035309301;0,520781863;-1,152090634;-0,724793708;1,298686176;0,435532601;0,232963959;-0,32711951;-0,380418248;-0,773494237;-0,997754273;1,900967194;0,909209247;0,39717645;6
-1,433120789;2,071497088;-0,818554142;-0,724793708;-0,107674488;1,229854703;0,704623855;-0,570708348;-0,772774058;-0,636942541;-0,886392776;2,424969686;-0,299378017;0,223981178;6
-1,083667917;0,210638818;-0,818554142;-0,724793708;2,70504684;0,435532601;0,232963959;-1,106603791;-0,413114566;-0,964666612;-1,172750912;0,388845718;-0,012021605;0,39717645;6
-0,035309301;0,520781863;0,182055335;0,076821453;1,298686176;0,236952075;0,232963959;-1,057886024;-1,541137519;-0,199977114;-0,647760995;0,703247213;0,588046198;0,223981178;6
-0,559488609;0,210638818;-0,818554142;-0,724793708;2,70504684;1,031274177;0,390183924;-0,960450489;-0,919907487;-0,418459828;-1,029571844;1,721309197;0,579594539;0,916762267;6
0,488870008;-0,409647272;-0,485017649;-0,724793708;0,595505844;1,031274177;0,232963959;-0,278401743;-0,429462724;-0,882735594;-0,202315006;1,317078704;0,241528171;1,436348084;6
-0,384762173;0,520781863;-0,818554142;-0,724793708;-0,107674488;0,435532601;-0,081475972;-1,106603791;-0,707381423;-0,855425255;-1,140933341;1,197306705;0,655659471;1,08995754;6
-1,433120789;0,520781863;-0,485017649;-0,724793708;2,70504684;0,236952075;0,704623855;-0,473272813;-1,034344598;-0,145356436;-0,87048399;1,227249705;1,188114;0,050785905;6
-0,908941481;-0,409647272;-0,485017649;-0,724793708;0,595505844;-0,160208976;-0,238695937;-0,863014953;-0,985300122;-0,746183898;-0,997754273;0,778104712;0,943015884;0,570371723;6
-0,559488609;0,210638818;-0,818554142;-0,724793708;-0,810854821;0,435532601;0,232963959;-0,716861651;-0,723729582;0,100436617;-0,647760995;0,493646216;0,545787902;0,223981178;6
-0,384762173;0,210638818;0,515591828;-0,724793708;1,298686176;-0,358789502;-0,710355833;-1,106603791;-0,805470376;0,100436617;-0,83866642;0,688275713;-0,138796493;0,050785905;6
-0,734215045;-0,409647272;0,84912832;-0,724793708;-0,810854821;0,236952075;-0,553135868;-1,106603791;-0,658336947;-0,66425288;-0,059135938;0,059472723;-0,240216403;0,570371723;6
-0,559488609;-0,099504227;0,182055335;-0,724793708;-0,810854821;0,038371549;-0,553135868;0,06262263;-0,069803232;-0,718873559;-0,520490713;1,137420706;0,072494987;0,050785905;6
-1,083667917;0,210638818;0,182055335;-0,724793708;-0,810854821;0,435532601;0,390183924;0,06262263;-0,576596153;-0,063425418;-0,027318367;0,92781971;0,503529606;0,570371723;6
0,139417135;-0,099504227;0,182055335;-0,724793708;-0,107674488;0,038371549;-0,081475972;-1,009168256;1,107264198;-0,746183898;-0,520490713;0,718218713;-0,721960977;1,263152812;6
-0,908941481;0,520781863;-0,151481157;-0,724793708;0,595505844;1,229854703;1,019063786;-1,106603791;-0,887211169;-0,964666612;-0,806848849;1,077534707;0,765531041;2,129129174;6
-0,210035737;0,520781863;-0,151481157;-0,724793708;-0,107674488;-0,160208976;-1,024795764;-0,814297186;-1,017996439;-0,855425255;-0,679578566;-0,135156774;0,588046198;0,743566995;6
-0,908941481;0,210638818;0,84912832;0,076821453;1,298686176;0,236952075;-0,395915902;1,426720122;0,714908388;-0,555011524;-0,775031278;1,017648708;0,283786467;1,782738629;7
-0,734215045;-0,409647272;0,515591828;0,076821453;-0,107674488;-0,557370027;-0,238695937;2,936970917;1,499620008;-0,254597792;0,943117538;-0,763959764;1,044435794;1,955933902;7
-0,035309301;0,210638818;0,182055335;-0,724793708;-0,107674488;0,435532601;0,54740389;2,498511009;0,060982038;0,810505436;0,115860701;-0,210014272;-0,104989856;1,263152812;7
-0,035309301;-0,099504227;0,515591828;0,076821453;2,70504684;0,634113126;-0,081475972;1,28056682;1,041871563;-0,473080506;-0,87048399;0,388845718;-0,054279901;1,08995754;7
-0,035309301;-0,409647272;0,515591828;-0,724793708;1,298686176;0,435532601;0,075743994;0,695953609;-0,952603804;-0,800804576;-0,39322043;0,044501224;-0,003569946;0,743566995;7
-0,210035737;1,141067953;0,515591828;-0,724793708;0,595505844;1,031274177;0,075743994;-0,911732721;-0,609292471;-0,855425255;-1,459109048;1,466793701;-0,950155775;-0,468799912;8
1,013049316;-0,719790317;-0,485017649;-0,724793708;0,595505844;-0,755950553;0,075743994;2,108768868;0,600471277;0,592022723;1,643104093;-0,539387267;0,833144314;1,782738629;9
